name,phone,carNumber
علي اديب كيطان,7748776090.0,31378.0
عيسى عبد شوندي,7713279986.0,24382.0
عمر رياض حسين,7711105229.0,22084.0
علي رياض حسين,7711959705.0,22219.0
علي حسين مسلم,7704045209.0,24057.0
علاء مسلم گيطان,7731727882.0,24057.0
صباح حسن علي,7711478979.0,25710.0
صلاح حسن محيسن,7711633287.0,22549.0
حيدر حسين كاضم,7722722182.0,28123.0
حسين مهدي جبر,7708852735.0,20718.0
علي محمد جاسم ,7803690956.0,27685.0
علي حسين حميد,7702021030.0,20756.0
عبد,7700400690.0,65435.0
وليدعلي خلف,7732647099.0,20756.0
عباس سرحان عرمش,7723875284.0,212973.0
م. احمد غانم وناس,7809830249.0,2027.0
حسين علي فاضل,7776836081.0,22076.0
محمد غريب گيطان,7701912938.0,22084.0
عثمان يوسف خلف,7718673023.0,30353.0
عمران يوسف خلف,7719703693.0,22219.0
فائز حسين ياسين,7714485954.0,22076.0
راجح حمود لويج,7713377489.0,25710.0
علي غريب كيطان,7711028338.0,22339.0
رضا حسين,7715158710.0,24057.0
عبدالعظيم يونس,7775941728.0,22246.0
سعد خضير حسين,7712842860.0,22339.0
عبد العظيم يونس,7731727824.0,22246.0
عمر رياض حسين,7711108229.0,22084.0
محمد طاهر كامل,7732904594.0,22351.0
حميد ماجد مسلم,7709270982.0,13417.0
صلاح عبد الغفار,7703434945.0,29744.0
علي كومان,7714065864.0,30353.0
أثير علاء عباس,7724470884.0,212973.0
علا مسلم,7732429489.0,13417.0
امير صادق جعفر,7761611696.0,22006.0
اثير,7731228271.0,22006.0
عبدلله عمر علي,7756793880.0,27591.0
عباس,7704752501.0,31896.0
احمد صبيح جوده,7821162109.0,30706.0
اثير ستار,7781073376.0,22006.0
علي جاسم حسين,7724529066.0,27912.0
كريم عبد لعيبي,7703280296.0,72591.0
مصطفى شرهان,7773099985.0,23917.0
فراس عبد الستار جبر,7755999716.0,27912.0
انمار شاكر,7801610081.0,16416.0
رعد عادل حسين,7714491069.0,16416.0
ثامر علوان بريسم,7754722864.0,24382.0
م.احمد غانم وناس,7707097324.0,2029.0
محمد نجم الدين عبدلرمن,7701356600.0,20718.0
معد,7806260409.0,22B111111
يوسف موفق كاضم,7733558324.0,22351.0
حيدر تحسين رحمن,7903731800.0,31669.0
عامر باسم كريم,7804994884.0,22B31732
حيدر سجاد سلمان,7790160081.0,16416.0
,,
,,
,,
,,
,,
,,
,,
,,
,,
,,
,,
,,
,,
,,
,,
,,
,,
,,
,,
,,
,,
,,
,,
,,
,,
,,
,,
,,
,,
,,
,,
,,
,,
,,
,,
,,
,,
,,
,,
,,
,,
,,
,,
,,
,,
,,
,,
,,
,,
,,
,,
,,
,,
,,
,,
,,
,,
,,
,,
,,
,,
,,
,,
,,
,,
,,
,,
,,
,,
,,
,,
,,
,,
,,
,,
,,
,,
,,
,,
,,
,,
,,
,,
,,
,,
,,
,,
,,
,,
,,
,,
,,
,,
,,
,,
,,
,,
,,
,,
,,
,,
,,
,,
,,
,,
,,
,,
,,
,,
,,
,,
,,
,,
,,
,,
,,
,,
,,
,,
,,
,,
,,
,,
,,
,,
,,
,,
,,
,,
,,
,,
,,
,,
,,
,,
,,
,,
,,
,,
,,
,,
,,
,,
,,
,,
,,
,,
,,
,,
,,
,,
,,
,,
,,
,,
,,
,,
,,
,,
,,
,,
,,
,,
,,
,,
,,
,,
,,
,,
,,
,,
,,
,,
,,
,,
,,
,,
,,
,,
,,
,,
,,
,,
,,
,,
,,
,,
,,
,,
,,
,,
,,
,,
,,
,,
,,
,,
,,
,,
,,
,,
,,
,,
,,
,,
,,
,,
,,
,,
,,
,,
,,
,,
,,
,,
,,
,,
,,
,,
,,
,,
,,
,,
,,
,,
,,
,,
,,
,,
,,
,,
,,
,,
,,
,,
,,
,,
,,
,,
,,
,,
,,
,,
,,
,,
,,
,,
,,
,,
,,
,,
,,
,,
,,
,,
,,
,,
,,
,,
,,
,,
,,
,,
,,
,,
,,
,,
,,
,,
,,
,,
,,
,,
,,
,,
,,
,,
,,
,,
,,
,,
,,
,,
,,
,,
,,
,,
,,
,,
,,
,,
,,
,,
,,
,,
,,
,,
,,
,,
,,
,,
,,
,,
,,
,,
,,
,,
,,
,,
,,
,,
,,
,,
,,
,,
,,
,,
,,
,,
,,
,,
,,
,,
,,
,,
,,
,,
,,
,,
,,
,,
,,
,,
,,
,,
,,
,,
,,
,,
,,
,,
,,
,,
,,
,,
,,
,,
,,
,,
,,
,,
,,
,,
,,
,,
,,
,,
,,
,,
,,
,,
,,
,,
,,
,,
,,
,,
,,
,,
,,
,,
,,
,,
,,
,,
,,
,,
,,
,,
,,
,,
,,
,,
,,
,,
,,
,,
,,
,,
,,
,,
,,
,,
,,
,,
,,
,,
,,
,,
,,
,,
,,
,,
,,
,,
,,
,,
,,
,,
,,
,,
,,
,,
,,
,,
,,
,,
,,
,,
,,
,,
,,
,,
,,
,,
,,
,,
,,
,,
,,
,,
,,
,,
,,
,,
,,
,,
,,
,,
,,
,,
,,
,,
,,
,,
,,
,,
,,
,,
,,
,,
,,
,,
,,
,,
,,
,,
,,
,,
,,
,,
,,
,,
,,
,,
,,
,,
,,
,,
,,
,,
,,
,,
,,
,,
,,
,,
,,
,,
,,
,,
,,
,,
,,
,,
,,
,,
,,
,,
,,
,,
,,
,,
,,
,,
,,
,,
,,
,,
,,
,,
,,
,,
,,
,,
,,
,,
,,
,,
,,
,,
,,
,,
,,
,,
,,
,,
,,
,,
,,
,,
,,
,,
,,
,,
,,
,,
,,
,,
,,
,,
,,
,,
,,
,,
,,
,,
,,
,,
,,
,,
,,
,,
,,
,,
,,
,,
,,
,,
,,
,,
,,
,,
,,
,,
,,
,,
,,
,,
,,
,,
,,
,,
,,
,,
,,
,,
,,
,,
,,
,,
,,
,,
,,
,,
,,
,,
,,
,,
,,
,,
,,
,,
,,
,,
,,
,,
,,
,,
,,
,,
,,
,,
,,
,,
,,
,,
,,
,,
,,
,,
,,
,,
,,
,,
,,
,,
,,
,,
,,
,,
,,
,,
,,
,,
,,
,,
,,
,,
,,
,,
,,
,,
,,
,,
,,
,,
,,
,,
,,
,,
,,
,,
,,
,,
,,
,,
,,
,,
,,
,,
,,
,,
,,
,,
,,
,,
,,
,,
,,
,,
,,
,,
,,
,,
,,
,,
,,
,,
,,
,,
,,
,,
,,
,,
,,
,,
,,
,,
,,
,,
,,
,,
,,
,,
,,
,,
,,
,,
,,
,,
,,
,,
,,
,,
,,
,,
,,
,,
,,
,,
,,
,,
,,
,,
,,
,,
,,
,,
,,
,,
,,
,,
,,
,,
,,
,,
,,
,,
,,
,,
,,
,,
,,
,,
,,
,,
,,
,,
,,
,,
,,
,,
,,
,,
,,
,,
,,
,,
,,
,,
,,
,,
,,
,,
,,
,,
,,
,,
,,
,,
,,
,,
,,
,,
,,
,,
,,
,,
,,
,,
,,
,,
,,
,,
,,
,,
,,
,,
,,
,,
,,
,,
,,
,,
,,
,,
,,
,,
,,
,,
,,
,,
,,
,,
,,
,,
,,
,,
,,
,,
,,
,,
,,
,,
,,
,,
,,
,,
,,
,,
,,
,,
,,
,,
,,
,,
,,
,,
,,
,,
,,
,,
,,
,,
,,
,,
,,
,,
,,
,,
,,
,,
,,
,,
,,
,,
,,
,,
,,
,,
,,
,,
,,
,,
,,
,,
,,
,,
,,
,,
,,
,,
,,
,,
,,
,,
,,
,,
,,
,,
,,
,,
,,
,,
,,
,,
,,
,,
,,
,,
,,
,,
,,
,,
,,
,,
,,
,,
,,
,,
,,
,,
,,
,,
,,
,,
,,
,,
,,
,,
,,
,,
,,
,,
,,
,,
,,
,,
,,
,,
,,
,,
,,
,,
,,
,,
,,
,,
,,
,,
,,
,,
,,
,,
,,
,,
,,
,,
,,
,,
